ligand_ID,protein_ID,score,family
1,TcChr03b00990.t1,100,2-ODD
1,TcChr04b00800.t1,100,2-ODD
1,TcChr07b02445.t1,100,2-ODD
1,TcChr07b02453.t1,100,2-ODD
1,TcChr09b01578.t1,100,2-ODD
1,Tca02g00740.t1,100,2-ODD
1,Tca03g01023.t1,100,2-ODD
1,Tca04g00832.t1,100,2-ODD
1,Tca09g01543.t1,100,2-ODD
1,TcChr06b02027.t1,99.45,2-ODD
1,Tca03g01534.t1,98.77,2-ODD
1,TcChr06b02028.t1,98.53,2-ODD
1,TcChr10b00317.t1,98.19,2-ODD
1,Tca02g00738.t1,97.53,2-ODD
1,TcChr02b00839.t1,97.48,2-ODD
1,Tca10g00328.t1,96.46,2-ODD
1,TcChr02b00838.t1,96.37,2-ODD
1,TcChr03b00765.t1,95.56,2-ODD
1,Tca08g00721.t1,95.56,2-ODD
1,Tca11g00360.t1,95.56,2-ODD
1,Tca12g00532.t1,95.56,2-ODD
1,TcChr05b00807.t1,95.29,2-ODD
1,Tca05g00811.t1,95.26,2-ODD
1,TcChr10b01142.t1,95.21,2-ODD
1,Tca02g00742.t1,95.09,2-ODD
1,Tca05g01107.t1,94.96,2-ODD
1,TcChr03b00761.t1,94.38,2-ODD
1,Tca02g00733.t1,94.14,2-ODD
1,TcChr07b02447.t1,93.67,2-ODD
1,Tca10g00331.t1,93.29,2-ODD
10,TcChr02b01444.t1,100,2-ODD
10,TcChr03b00995.t1,100,2-ODD
10,TcChr11b01673.t1,100,2-ODD
10,Tca02g00714.t1,100,2-ODD
10,Tca03g00759.t1,100,2-ODD
10,Tca06g01115.t1,100,2-ODD
10,Tca07g02484.t1,100,2-ODD
10,Tca02g00735.t1,99.82,2-ODD
10,TcChr04b01373.t1,99.5,2-ODD
10,Tca04g01404.t1,99.44,2-ODD
10,TcChr02b00760.t1,98.66,2-ODD
10,Tca02g00739.t1,96.94,2-ODD
10,TcChr11b00458.t1,96.44,2-ODD
10,TcChr10b00319.t1,95.57,2-ODD
10,TcChr11b01291.t1,95.56,2-ODD
10,Tca02g00087.t1,95.47,2-ODD
10,TcChr02b00757.t1,95.25,2-ODD
10,TcChr04b01514.t1,95.25,2-ODD
10,TcChr06b01128.t1,95.25,2-ODD
10,Tca02g00902.t1,95.25,2-ODD
10,Tca03g01024.t1,95.25,2-ODD
10,Tca03g01044.t1,95.25,2-ODD
10,Tca05g00873.t1,95.25,2-ODD
10,Tca06g02042.t1,95.25,2-ODD
10,Tca09g01211.t1,95.25,2-ODD
100,TcChr03b00996.t1,100,2-ODD
100,TcChr05b00698.t1,100,2-ODD
100,TcChr06b01127.t1,100,2-ODD
100,TcChr06b02025.t1,100,2-ODD
100,TcChr10b00318.t1,100,2-ODD
100,TcChr10b02315.t1,100,2-ODD
100,Tca02g00818.t1,100,2-ODD
100,Tca05g00694.t1,100,2-ODD
100,Tca06g02041.t1,100,2-ODD
100,Tca10g02402.t1,100,2-ODD
100,TcChr02b00864.t1,99.97,2-ODD
101,TcChr02b00759.t1,100,2-ODD
101,TcChr06b01639.t1,100,2-ODD
101,TcChr06b02022.t1,100,2-ODD
101,TcChr09b01312.t1,100,2-ODD
101,TcChr10b00320.t1,100,2-ODD
101,TcChr11b00459.t1,100,2-ODD
101,Tca02g00760.t1,100,2-ODD
101,Tca02g00771.t1,100,2-ODD
101,Tca03g00773.t1,100,2-ODD
101,Tca03g01018.t1,100,2-ODD
101,Tca06g01112.t1,100,2-ODD
101,Tca09g01284.t1,100,2-ODD
101,Tca11g00456.t1,100,2-ODD
102,TcChr06b02032.t1,100,2-ODD
102,TcChr08b01584.t1,100,2-ODD
102,Tca02g00777.t1,100,2-ODD
102,Tca02g01757.t1,100,2-ODD
102,Tca04g00580.t1,100,2-ODD
102,Tca06g02046.t1,100,2-ODD
102,Tca02g00930.t1,99.92,2-ODD
103,TcChr07b01993.t1,100,2-ODD
103,TcChr07b02458.t1,100,2-ODD
103,TcChr11b00462.t1,100,2-ODD
103,Tca02g00644.t1,100,2-ODD
103,Tca02g00743.t1,100,2-ODD
103,Tca05g01108.t1,100,2-ODD
103,Tca06g01114.t1,100,2-ODD
103,Tca06g02047.t1,100,2-ODD
104,TcChr02b00725.t1,100,2-ODD
104,TcChr03b00376.t1,100,2-ODD
104,TcChr11b01487.t1,100,2-ODD
104,Tca11g01481.t1,100,2-ODD
105,TcChr05b01048.t1,100,2-ODD
105,Tca03g01037.t1,100,2-ODD
105,Tca04g01556.t1,100,2-ODD
105,Tca05g01106.t1,100,2-ODD
106,TcChr03b00763.t1,100,2-ODD
106,Tca05g00813.t1,100,2-ODD
106,TcChr02b00697.t1,99.52,2-ODD
107,Tca04g02364.t1,100,2-ODD
109,TcChr02b00089.t1,100,2-ODD
109,TcChr09b01986.t1,100,2-ODD
109,TcChr04b00556.t1,99.87,2-ODD
11,TcChr10b00321.t1,100,2-ODD
11,TcChr08b00688.t1,94.63,2-ODD
110,TcChr02b00654.t1,100,2-ODD
111,Tca04g02038.t1,98.73,2-ODD
112,TcChr05b00871.t1,100,2-ODD
112,TcChr10b01362.t1,100,2-ODD
112,Tca03g00372.t1,100,2-ODD
112,Tca08g01708.t1,100,2-ODD
113,TcChr03b00387.t1,99.1,2-ODD
113,Tca07g02027.t1,98.23,2-ODD
114,Tca03g01017.t1,100,2-ODD
114,Tca06g02049.t1,100,2-ODD
115,TcChr02b01694.t1,100,2-ODD
115,TcChr03b00754.t1,100,2-ODD
115,Tca02g00928.t1,100,2-ODD
116,TcChr04b02306.t1,100,2-ODD
116,Tca11g01286.t1,100,2-ODD
116,TcChr02b00690.t1,98.35,2-ODD
117,TcChr02b00692.t1,100,2-ODD
117,TcChr06b02023.t1,100,2-ODD
117,TcChr11b00463.t1,100,2-ODD
117,Tca02g00772.t1,100,2-ODD
117,Tca03g00374.t1,100,2-ODD
117,Tca11g00239.t1,97.02,2-ODD
118,TcChr02b00693.t1,100,2-ODD
12,Tca06g01664.t1,96.25,2-ODD
12,Tca01g00530.t1,93.66,2-ODD
12,Tca11g00455.t1,93.15,2-ODD
120,TcChr05b00809.t1,100,2-ODD
120,Tca06g01663.t1,100,2-ODD
121,TcChr05b00808.t1,100,2-ODD
121,Tca02g00903.t1,100,2-ODD
121,Tca02g00931.t1,100,2-ODD
121,Tca03g00358.t1,99.48,2-ODD
123,TcChr01b01187.t1,100,2-ODD
123,TcChr10b00412.t1,100,2-ODD
124,TcChr02b00719.t1,100,2-ODD
124,TcChr02b00865.t1,100,2-ODD
126,TcChr07b02449.t1,98.47,2-ODD
128,TcChr03b01509.t1,100,2-ODD
13,Tca06g01661.t1,92.59,2-ODD
130,TcChr02b00687.t1,100,2-ODD
131,Tca05g00816.t1,97.76,2-ODD
132,Tca10g01210.t1,97.49,2-ODD
132,Tca02g00086.t1,97.16,2-ODD
132,TcChr05b01100.t1,95.83,2-ODD
132,Tca04g02034.t1,95.11,2-ODD
132,Tca03g00760.t1,94.93,2-ODD
132,TcChr01b00527.t1,94.5,2-ODD
135,TcChr01b00649.t1,95.95,2-ODD
135,TcChr02b00761.t1,95.95,2-ODD
138,TcChr02b00691.t1,96.89,2-ODD
144,Tca02g00741.t1,100,2-ODD
144,Tca02g02590.t1,99.3,2-ODD
145,Tca02g00757.t1,95.63,2-ODD
146,Tca07g01699.t1,100,2-ODD
146,Tca11g01668.t1,100,2-ODD
149,TcChr05b01101.t1,100,2-ODD
150,Tca02g00929.t1,97.95,2-ODD
152,TcChr02b01289.t1,97.07,2-ODD
155,Tca06g02044.t1,95.53,2-ODD
161,Tca03g00768.t1,100,2-ODD
162,TcChr02b00709.t1,98.43,2-ODD
164,TcChr08b00690.t1,95.27,2-ODD
164,TcChr02b00596.t1,94.85,2-ODD
168,Tca11g00454.t1,96.81,2-ODD
168,Tca02g00770.t1,95.69,2-ODD
168,TcChr05b00811.t1,94.06,2-ODD
169,TcChr02b00720.t1,95.57,2-ODD
174,Tca05g00815.t1,95.08,2-ODD
178,Tca11g00458.t1,100,2-ODD
179,TcChr09b01240.t1,97.26,2-ODD
182,Tca11g00459.t1,94.1,2-ODD
183,Tca05g00812.t1,96.46,2-ODD
185,TcChr02b00665.t1,95.35,2-ODD
185,Tca02g00759.t1,94.66,2-ODD
190,Tca03g00368.t2,97.13,2-ODD
191,TcChr03b00391.t1,96.19,2-ODD
192,TcChr02b00086.t1,100,2-ODD
192,Tca02g00085.t1,98.29,2-ODD
192,Tca05g00695.t1,95.15,2-ODD
193,Tca10g00332.t1,100,2-ODD
196,Tca02g00817.t1,98.59,2-ODD
196,TcChr02b00685.t1,97.64,2-ODD
199,TcChr03b00377.t1,100,2-ODD
199,Tca03g00354.t1,99.27,2-ODD
200,TcChr05b00032.t1,97.74,2-ODD
204,Tca10g00330.t1,99.22,2-ODD
209,Tca03g00468.t1,97.21,2-ODD
214,Tca03g00371.t1,97.69,2-ODD
215,Tca03g00367.t1,97.32,2-ODD
216,Tca10g00329.t1,95.8,2-ODD
216,Tca02g00716.t1,95.58,2-ODD
220,TcChr08b01041.t1,95.12,2-ODD
228,Tca06g02050.t1,95.74,2-ODD
233,TcChr02b00758.t1,97.31,2-ODD
233,TcChr02b02511.t1,96.46,2-ODD
237,TcChr09b01316.t1,97.1,2-ODD
237,TcChr03b00994.t1,95.15,2-ODD
246,TcChr09b01097.t1,95.16,2-ODD
253,Tca02g00746.t1,100,2-ODD
253,Tca10g01423.t1,100,2-ODD
255,TcChr02b00087.t1,100,2-ODD
255,TcChr05b00810.t1,100,2-ODD
255,Tca03g00366.t1,100,2-ODD
258,TcChr03b00390.t1,100,2-ODD
258,TcChr03b00989.t1,100,2-ODD
260,TcChr02b00088.t1,100,2-ODD
260,TcChr03b00385.t1,100,2-ODD
262,Tca03g00375.t1,94.94,2-ODD
264,Tca03g00772.t1,100,2-ODD
264,Tca12g00126.t1,100,2-ODD
265,TcChr05b01102.t1,95.05,2-ODD
266,Tca09g01973.t1,99.52,2-ODD
267,Tca03g00370.t1,100,2-ODD
267,Tca08g00489.t1,100,2-ODD
268,Tca02g00702.t1,100,2-ODD
271,TcChr03b00484.t1,100,2-ODD
273,TcChr03b00764.t1,100,2-ODD
274,TcChr05b00207.t1,100,2-ODD
274,Tca03g01431.t1,100,2-ODD
276,TcChr02b00863.t1,100,2-ODD
279,Tca08g01621.t1,99.8,2-ODD
282,Tca06g01113.t1,100,2-ODD
283,Tca07g01767.t1,100,2-ODD
284,TcChr03b01008.t1,100,2-ODD
284,Tca03g00764.t1,99.61,2-ODD
290,Tca05g00035.t1,100,2-ODD
300,Tca02g00758.t1,94.08,2-ODD
333,Tca02g01358.t1,100,2-ODD
34,Tca06g01665.t1,95.25,2-ODD
342,Tca05g01220.t1,100,2-ODD
346,TcChr04b01979.t1,100,2-ODD
352,Tca09g00893.t1,96.2,2-ODD
355,TcChr11b00363.t1,100,2-ODD
362,TcChr10b01361.t1,100,2-ODD
364,Tca03g00376.t1,97.21,2-ODD
366,Tca03g00364.t1,94.85,2-ODD
377,TcChr03b00386.t1,100,2-ODD
377,TcChr06b01129.t1,100,2-ODD
398,TcChr01b00377.t1,99.4,2-ODD
408,Tca08g00720.t1,90.23,2-ODD
424,Tca03g00355.t1,96.78,2-ODD
43,TcChr06b01637.t1,99.24,2-ODD
430,Tca06g02052.t1,95.97,2-ODD
437,TcChr11b00460.t1,95.49,2-ODD
447,Tca01g01232.t1,98.03,2-ODD
454,Tca03g00368.t1,94.88,2-ODD
46,TcChr05b01215.t1,95.01,2-ODD
461,Tca05g01051.t1,98.31,2-ODD
468,Tca10g01422.t1,95.74,2-ODD
493,Tca03g00469.t1,100,2-ODD
506,TcChr06b02029.t1,100,2-ODD
53,TcChr11b00364.t1,98.35,2-ODD
533,Tca11g00361.t1,100,2-ODD
59,TcChr07b02027.t1,99.8,2-ODD
591,Tca02g00715.t1,97.81,2-ODD
591,Tca03g00365.t1,95.89,2-ODD
605,TcChr03b00389.t1,100,2-ODD
605,TcChr03b00485.t1,100,2-ODD
617,TcChr04b01981.t1,94.8,2-ODD
623,Tca04g01010.t1,95.15,2-ODD
626,TcChr03b00388.t1,95.67,2-ODD
63,TcChr06b01640.t1,96.28,2-ODD
98,Tca03g00770.t1,100,2-ODD
101,TcChr01b01352.t1,100,ACT
101,Tca10g00461.t1,82.60176888,ACT
101,TcChr01b00612.t1,79.60888084,ACT
101,TcChr01b00611.t1,78.53714104,ACT
101,Tca09g01360.t1,77.46846443,ACT
101,TcChr10b00109.t1,77.22414979,ACT
101,TcChr01b00489.t1,76.36006792,ACT
101,TcChr01b00620.t1,74.61606262,ACT
101,TcChr09b00182.t1,74.06852109,ACT
101,Tca01g00633.t1,72.86465983,ACT
101,TcChr10b00111.t1,72.53015726,ACT
101,Tca01g00456.t1,72.42628787,ACT
101,TcChr05b00609.t1,71.80122169,ACT
101,TcChr09b00185.t1,71.33114088,ACT
101,Tca10g01666.t1,70.55497569,ACT
101,TcChr09b01745.t1,70.53813669,ACT
101,TcChr10b01592.t1,69.62482153,ACT
101,Tca01g00625.t1,69.29501523,ACT
101,TcChr10b01593.t1,68.60159854,ACT
101,Tca05g00243.t1,67.0157499,ACT
101,Tca01g00490.t1,65.43248641,ACT
101,TcChr01b00617.t1,64.94694758,ACT
101,TcChr07b02448.t1,64.92829053,ACT
101,Tca10g01668.t1,64.61178604,ACT
101,TcChr10b00447.t1,62.79092786,ACT
101,TcChr09b00187.t1,61.93039356,ACT
101,TcChr05b00233.t1,61.7214461,ACT
101,TcChr01b00599.t1,61.28224148,ACT
101,Tca07g01490.t1,59.79845591,ACT
101,Tca09g00182.t1,59.06585998,ACT
103,TcChr02b00310.t1,100,ACT
103,Tca05g00354.t1,96.47692297,ACT
103,TcChr01b00385.t1,96.11704468,ACT
103,Tca02g00316.t1,95.00950075,ACT
103,TcChr10b01597.t1,94.48808736,ACT
103,TcChr10b00110.t1,93.34542094,ACT
103,TcChr02b00118.t1,93.22542812,ACT
103,TcChr07b02450.t1,90.43716878,ACT
103,TcChr10b01590.t1,90.0190015,ACT
103,TcChr10b01594.t1,90.0190015,ACT
103,Tca01g00488.t1,89.60951072,ACT
103,Tca01g03028.t1,89.5689707,ACT
103,TcChr08b01445.t1,88.55375274,ACT
103,Tca07g02485.t1,88.19605994,ACT
103,TcChr01b00614.t1,88.12489401,ACT
103,Tca01g00384.t1,87.31415446,ACT
103,TcChr07b01458.t1,86.8864477,ACT
103,Tca10g00450.t1,85.87616645,ACT
103,TcChr07b02446.t1,85.02850226,ACT
103,TcChr09b01741.t1,85.02850226,ACT
103,TcChr07b02459.t1,84.78423136,ACT
103,Tca01g00535.t1,84.38677901,ACT
103,Tca08g01474.t1,84.28480777,ACT
104,TcChr11b01728.t1,93.89697471,ACT
104,Tca02g02312.t1,89.47762826,ACT
104,TcChr11b01416.t1,87.10279847,ACT
104,TcChr09b00179.t1,86.01632531,ACT
104,TcChr05b00337.t1,83.00460678,ACT
104,TcChr05b01764.t1,81.24597726,ACT
104,Tca01g00630.t1,80.12304298,ACT
104,TcChr10b00434.t1,79.66428232,ACT
104,Tca01g01201.t1,79.13218307,ACT
104,TcChr01b00618.t1,78.27269365,ACT
104,TcChr07b02454.t1,76.97967142,ACT
104,TcChr01b00456.t1,76.10838146,ACT
104,Tca10g00110.t1,76.09594412,ACT
104,Tca10g00111.t1,76.04723361,ACT
104,Tca01g00921.t1,75.88858019,ACT
104,TcChr01b00420.t1,75.58909589,ACT
104,TcChr08b01441.t1,75.3828788,ACT
105,TcChr10b01595.t1,94.02777942,ACT
105,TcChr09b00183.t1,92.13191992,ACT
105,TcChr09b00188.t1,91.9612751,ACT
105,TcChr11b01985.t1,89.60846777,ACT
105,TcChr01b00386.t1,88.75371801,ACT
105,Tca01g00385.t1,86.18043574,ACT
105,TcChr01b00886.t1,85.78823874,ACT
105,Tca11g01843.t1,84.59139706,ACT
105,Tca10g01664.t1,84.32380439,ACT
105,TcChr02b00312.t1,83.81841763,ACT
105,TcChr10b01588.t1,82.27763725,ACT
105,TcChr09b01743.t1,82.08333825,ACT
105,Tca10g00109.t1,82.08333825,ACT
105,Tca02g00318.t1,81.28380722,ACT
105,Tca11g01412.t1,80.57708154,ACT
106,Tca01g00623.t1,94.05414342,ACT
106,Tca03g02258.t1,88.86532854,ACT
106,TcChr10b01596.t1,82.37985587,ACT
106,TcChr02b00145.t1,80.64741994,ACT
106,TcChr11b01727.t1,79.12448407,ACT
106,TcChr09b00406.t1,78.63990233,ACT
106,TcChr01b01158.t1,78.04343369,ACT
106,Tca02g00324.t1,74.83371319,ACT
107,Tca02g00141.t1,94.75750841,ACT
107,Tca09g00177.t1,84.27252522,ACT
107,TcChr09b01744.t1,84.12105472,ACT
107,TcChr02b00141.t1,81.1014362,ACT
107,Tca01g00489.t1,80.88658905,ACT
107,TcChr02b00318.t1,80.26465454,ACT
107,TcChr01b00613.t1,76.40929859,ACT
108,Tca01g00629.t1,95.83159628,ACT
108,Tca11g01726.t1,91.79496129,ACT
108,TcChr01b00615.t1,85.85945767,ACT
108,Tca01g00627.t1,80.06446088,ACT
108,TcChr10b00847.t1,78.71211593,ACT
108,Tca09g01715.t1,75.6881825,ACT
108,TcChr01b00490.t1,74.72984175,ACT
108,Tca09g00180.t1,74.09414818,ACT
108,Tca09g01711.t1,71.55542329,ACT
109,Tca10g01665.t1,80.04326983,ACT
109,Tca10g01667.t1,79.34568685,ACT
109,Tca02g00117.t1,75.96789729,ACT
109,Tca09g01714.t1,71.05716111,ACT
110,Tca02g00145.t1,86.19188353,ACT
110,Tca08g01758.t1,84.07933474,ACT
110,Tca01g00610.t1,82.58634494,ACT
112,Tca01g00626.t1,91.24814634,ACT
112,TcChr06b02055.t1,78.21513021,ACT
112,Tca06g02077.t1,77.34373313,ACT
112,TcChr01b00531.t1,77.20025673,ACT
112,TcChr01b01159.t1,76.70217283,ACT
113,TcChr01b00530.t1,99.71860374,ACT
113,TcChr08b01446.t1,73.77633734,ACT
113,TcChr10b00435.t1,72.04527498,ACT
114,TcChr10b01591.t1,91.22487814,ACT
114,Tca09g01713.t1,89.93956287,ACT
114,Tca09g01712.t1,85.06511358,ACT
115,TcChr02b00281.t1,94.42629178,ACT
115,TcChr10b01587.t1,82.2882685,ACT
115,TcChr10b00114.t1,75.5564109,ACT
116,Tca05g01782.t1,71.56554936,ACT
116,TcChr08b01723.t1,66.17748075,ACT
117,Tca10g00878.t1,90.614635,ACT
117,TcChr03b02221.t1,90.15792262,ACT
117,Tca10g00451.t1,80.99736618,ACT
118,Tca03g01054.t1,89.55388555,ACT
118,TcChr03b01025.t1,82.37566274,ACT
11,Tca01g01202.t1,88.75019729,ACT
11,TcChr09b00184.t1,79.43580001,ACT
120,Tca01g01400.t1,65.14581597,ACT
121,Tca11g01725.t1,81.89764497,ACT
121,TcChr03b02207.t1,78.32455072,ACT
121,TcChr09b01746.t1,77.60503102,ACT
121,TcChr01b02968.t1,77.4139675,ACT
122,Tca10g01292.t1,77.7083631,ACT
122,Tca01g00419.t1,76.33710235,ACT
123,Tca08g01477.t1,85.15848487,ACT
123,Tca08g01476.t1,83.80851471,ACT
123,TcChr10b01589.t1,82.24718044,ACT
124,TcChr02b02231.t1,76.85788292,ACT
124,TcChr08b01439.t1,74.41149596,ACT
124,Tca03g02292.t1,59.03997068,ACT
126,TcChr09b01742.t1,77.56149371,ACT
127,Tca09g00434.t1,79.69773592,ACT
127,Tca11g01724.t1,78.39370516,ACT
127,Tca03g02273.t1,76.56626121,ACT
128,TcChr01b02967.t1,82.67560762,ACT
129,Tca09g00181.t1,81.94989384,ACT
132,TcChr09b00452.t1,88.58148243,ACT
138,Tca11g01983.t1,81.32665881,ACT
144,Tca09g00347.t1,68.5064331,ACT
147,TcChr09b00352.t1,92.18656176,ACT
157,Tca05g00619.t1,90.8324093,ACT
157,Tca06g02076.t1,66.94238561,ACT
176,TcChr09b00186.t1,75.56087371,ACT
17,TcChr07b02451.t1,79.80820813,ACT
1,Tca09g00401.t1,82.73938705,ACT
233,Tca10g00114.t1,63.61362568,ACT
249,TcChr02b00309.t1,76.78619618,ACT
265,Tca11g01980.t1,87.54834639,ACT
266,TcChr11b01983.t1,71.83950645,ACT
281,TcChr11b01843.t1,73.40371667,ACT
326,TcChr05b00104.t1,72.38794402,ACT
384,Tca02g00287.t1,71.53200677,ACT
46,TcChr08b01440.t1,78.92196448,ACT
498,TcChr07b00894.t1,85.55105766,ACT
516,TcChr10b01211.t1,79.04953157,ACT
524,Tca08g01483.t1,80.02047912,ACT
595,Tca07g00906.t1,79.000174,ACT
610,TcChr05b00107.t1,81.96105247,ACT
610,Tca05g01344.t1,77.68553888,ACT
610,Tca02g00319.t1,70.58785183,ACT
613,TcChr08b01451.t1,78.4963877,ACT
622,Tca10g00460.t1,79.11446007,ACT
640,Tca05g00108.t1,79.69998837,ACT
641,TcChr10b00446.t1,83.97306932,ACT
641,TcChr12b00152.t1,74.28321949,ACT
95,TcChr02b00280.t1,76.43641722,ACT
99,Tca01g00624.t1,74.1021284,ACT
100,TcChr04b01924.t1,100,ACH
100,Tca04g01977.t1,94.14085608,ACH
100,Tca01g01517.t1,89.41089709,ACH
100,TcChr10b00232.t1,88.67759957,ACH
100,TcChr01b01476.t1,84.71963978,ACH
100,TcChr01b01238.t1,77.6737296,ACH
100,TcChr08b01913.t2,77.27369722,ACH
100,TcChr09b01659.t1,75.88977734,ACH
100,TcChr04b01953.t1,75.52838324,ACH
100,Tca10g00247.t1,74.39258265,ACH
100,TcChr03b01114.t1,73.38656782,ACH
100,TcChr07b01338.t1,73.12658838,ACH
100,Tca08g01342.t1,71.91369287,ACH
100,TcChr09b01361.t1,71.90413779,ACH
100,Tca01g01289.t1,68.06219548,ACH
100,Tca10g00246.t1,67.98112992,ACH
100,Tca10g00408.t1,67.12226012,ACH
100,TcChr02b01377.t1,66.87733103,ACH
100,Tca10g00248.t1,65.52315035,ACH
100,Tca01g01889.t1,65.02784614,ACH
100,Tca09g01626.t1,64.93908589,ACH
100,Tca07g00368.t1,64.28485193,ACH
100,TcChr08b01311.t1,63.86019379,ACH
100,Tca10g00245.t1,63.53389522,ACH
100,TcChr10b00248.t1,63.52357617,ACH
100,TcChr04b02321.t1,62.9567005,ACH
100,Tca05g01920.t1,62.93918491,ACH
100,TcChr04b01952.t1,62.45060167,ACH
100,TcChr01b01242.t1,62.44039348,ACH
100,TcChr10b00240.t1,61.66836058,ACH
101,TcChr08b01913.t1,86.4508636,ACH
101,TcChr04b02179.t1,82.12663684,ACH
101,Tca10g00237.t1,78.02533594,ACH
101,TcChr09b00086.t1,77.47117831,ACH
101,TcChr10b00397.t1,73.53223826,ACH
101,Tca01g02659.t1,71.80127202,ACH
101,Tca03g00120.t1,71.67454379,ACH
101,TcChr03b00860.t1,70.98090353,ACH
101,Tca08g01369.t1,70.33630114,ACH
101,Tca10g00249.t1,69.01365258,ACH
101,TcChr10b00392.t1,68.87965964,ACH
101,Tca10g00359.t1,67.41617317,ACH
101,Tca10g00437.t1,67.38591406,ACH
101,TcChr09b01427.t1,66.77250332,ACH
101,TcChr04b01953.t3,66.51954333,ACH
101,Tca01g01290.t1,65.53807809,ACH
101,Tca07g00364.t1,65.45977799,ACH
102,Tca07g01352.t1,78.75300814,ACH
102,Tca10g00405.t1,76.35963319,ACH
102,TcChr10b00349.t1,76.276739,ACH
102,TcChr09b01658.t1,75.31336013,ACH
102,TcChr01b01243.t1,72.61052128,ACH
102,TcChr09b01666.t1,72.07569388,ACH
102,TcChr01b01241.t1,71.09903593,ACH
102,Tca09g01627.t1,71.03026884,ACH
103,TcChr01b01245.t1,90.82365294,ACH
103,Tca01g01293.t1,87.05634927,ACH
103,Tca01g00677.t1,85.41731231,ACH
103,TcChr01b01201.t1,82.59114484,ACH
103,Tca01g01279.t1,82.41536277,ACH
103,TcChr05b01694.t1,81.75738381,ACH
103,Tca08g01952.t1,79.27688173,ACH
103,TcChr03b01478.t1,78.92375515,ACH
103,Tca07g00361.t1,77.64734454,ACH
103,Tca10g00407.t1,75.70970934,ACH
103,Tca04g02009.t1,71.82888423,ACH
103,Tca10g00255.t1,71.25693184,ACH
103,TcChr10b01679.t1,71.2404166,ACH
104,TcChr10b00396.t1,82.83431183,ACH
104,Tca01g01248.t1,81.22062508,ACH
104,TcChr09b01662.t1,81.05917807,ACH
104,Tca09g00090.t1,80.76992273,ACH
104,Tca09g01629.t1,78.32891692,ACH
104,Tca08g01952.t2,77.14368084,ACH
105,TcChr10b00246.t1,95.46377017,ACH
105,Tca04g01617.t1,93.21312304,ACH
105,TcChr05b01898.t1,90.02275315,ACH
105,TcChr08b01337.t1,82.09755605,ACH
105,TcChr03b01150.t1,79.40589536,ACH
105,Tca03g01501.t1,79.01928945,ACH
106,TcChr03b01473.t1,83.30167674,ACH
106,Tca10g00399.t1,80.05419467,ACH
106,Tca10g01633.t1,79.06368925,ACH
107,TcChr10b00394.t1,73.28241589,ACH
107,Tca09g01634.t1,71.81961883,ACH
107,TcChr01b01225.t1,71.73004297,ACH
107,Tca10g01748.t1,71.31580611,ACH
107,TcChr01b02897.t1,69.6891214,ACH
108,Tca07g00366.t1,91.60170489,ACH
108,Tca09g01624.t1,79.50875483,ACH
108,Tca04g02009.t3,77.45509501,ACH
109,TcChr09b01362.t1,93.80445243,ACH
109,Tca10g00389.t1,86.95525522,ACH
109,TcChr10b00641.t1,83.789259,ACH
109,TcChr10b00375.t1,82.70237555,ACH
109,Tca10g01747.t1,78.4055018,ACH
10,TcChr04b01975.t1,95.41302509,ACH
10,TcChr10b00398.t1,92.17780861,ACH
10,Tca10g00403.t1,88.75667424,ACH
10,TcChr10b01560.t1,83.93388928,ACH
10,Tca10g00411.t1,83.81653496,ACH
10,TcChr01b00663.t1,79.13293741,ACH
110,TcChr04b02320.t1,74.22159151,ACH
110,Tca03g00885.t1,71.85839869,ACH
110,TcChr09b01661.t1,71.20508661,ACH
110,Tca04g02005.t1,71.13370089,ACH
110,Tca09g00089.t1,70.55626964,ACH
111,Tca04g01485.t1,77.9692052,ACH
111,Tca10g00420.t1,70.86226603,ACH
111,TcChr04b01949.t1,70.53875819,ACH
111,TcChr10b01563.t1,70.0214877,ACH
112,TcChr10b00239.t1,78.23006279,ACH
112,TcChr09b01660.t1,76.77222673,ACH
112,TcChr09b00090.t1,72.79121691,ACH
113,Tca04g02241.t1,71.13835796,ACH
113,TcChr04b01571.t1,69.56342841,ACH
113,Tca04g02009.t2,69.24630528,ACH
115,TcChr10b00386.t1,90.95128025,ACH
115,TcChr04b01942.t1,80.29356394,ACH
117,Tca01g01286.t1,76.25399232,ACH
118,Tca10g00240.t1,72.92003368,ACH
118,TcChr01b01244.t1,69.67993676,ACH
119,Tca02g02318.t1,81.22890876,ACH
119,Tca04g02240.t1,74.06422664,ACH
119,TcChr10b00380.t1,73.15783794,ACH
11,TcChr03b00863.t1,70.22652659,ACH
11,TcChr04b02178.t1,69.01395908,ACH
11,Tca04g02031.t1,68.8374919,ACH
121,Tca10g00250.t1,89.68946039,ACH
121,Tca03g00884.t1,84.30700461,ACH
121,Tca10g00244.t1,79.06762168,ACH
121,Tca10g00239.t1,77.35242588,ACH
122,TcChr10b01680.t1,87.58489775,ACH
123,TcChr04b01953.t2,80.74155858,ACH
124,TcChr09b00087.t1,69.45394314,ACH
126,Tca10g00201.t1,71.72005821,ACH
127,TcChr10b00192.t1,79.66910315,ACH
128,TcChr10b00234.t1,67.50427204,ACH
129,Tca10g00200.t1,77.22022675,ACH
12,TcChr10b00422.t1,83.58843707,ACH
131,TcChr01b01072.t1,77.72708489,ACH
132,Tca10g01630.t1,73.03626516,ACH
133,Tca10g00766.t1,79.73390127,ACH
134,TcChr09b01657.t1,71.91039783,ACH
135,TcChr01b01071.t1,90.88816977,ACH
135,TcChr01b01070.t1,81.52813935,ACH
137,TcChr07b00360.t1,88.29864291,ACH
137,Tca10g00661.t1,71.44758849,ACH
137,Tca01g01292.t1,70.78226679,ACH
138,Tca03g01497.t1,69.10285101,ACH
138,TcChr10b00407.t1,66.91012834,ACH
13,Tca09g01630.t1,64.83433636,ACH
140,TcChr04b01976.t1,69.66231076,ACH
141,Tca09g01398.t1,83.63813136,ACH
141,Tca01g01291.t1,76.80040814,ACH
144,Tca04g01996.t1,70.29444919,ACH
149,Tca03g01144.t1,74.28470666,ACH
150,Tca10g00238.t1,61.41638351,ACH
151,Tca10g00394.t1,79.81913338,ACH
152,Tca10g00409.t1,73.4174956,ACH
15,TcChr04b01954.t1,72.74149689,ACH
160,Tca04g01995.t1,64.41062112,ACH
161,Tca09g01625.t1,64.64295613,ACH
169,TcChr10b01986.t1,79.34405498,ACH
171,TcChr09b00269.t1,75.90640323,ACH
175,TcChr10b00233.t1,71.10307317,ACH
18,TcChr10b00241.t1,79.14765776,ACH
191,TcChr10b00642.t1,69.67183249,ACH
192,TcChr09b01656.t1,82.27971941,ACH
192,Tca01g01272.t1,79.62383518,ACH
192,TcChr09b01360.t1,77.45519066,ACH
199,TcChr10b00390.t1,73.068464,ACH
226,Tca01g01277.t1,63.31883352,ACH
226,Tca09g00267.t1,58.38923772,ACH
231,Tca10g00410.t1,48.75249899,ACH
232,Tca10g00243.t1,72.22722445,ACH
236,TcChr10b00395.t1,75.05031863,ACH
241,TcChr09b01664.t1,64.2335793,ACH
248,TcChr01b01229.t1,78.01842386,ACH
257,TcChr01b02898.t1,76.46373129,ACH
257,TcChr10b01477.t1,72.9697875,ACH
258,TcChr10b00235.t1,75.80425553,ACH
258,TcChr10b00238.t1,71.11128894,ACH
275,Tca07g00362.t1,75.11821204,ACH
287,TcChr10b00377.t1,62.64914779,ACH
28,TcChr10b00747.t1,78.98875885,ACH
292,Tca01g01115.t1,63.36798564,ACH
2,Tca02g01451.t1,78.37873269,ACH
302,TcChr03b00861.t1,84.4938999,ACH
315,TcChr01b02599.t1,72.67492437,ACH
31,TcChr09b00088.t1,86.20010405,ACH
333,TcChr10b00191.t1,77.57489481,ACH
360,TcChr04b01950.t1,78.83806872,ACH
371,TcChr04b01454.t1,77.59992976,ACH
382,Tca03g01180.t1,87.58385456,ACH
388,Tca09g00091.t1,71.72352588,ACH
389,TcChr10b00421.t1,80.25446441,ACH
398,Tca10g00257.t1,66.1907365,ACH
411,Tca10g00199.t1,86.96034191,ACH
443,Tca05g01436.t1,57.00096082,ACH
497,Tca09g00092.t1,82.76186969,ACH
503,Tca05g01711.t1,78.61499203,ACH
515,TcChr04b01951.t1,84.8903761,ACH
519,Tca03g00883.t1,74.55524273,ACH
603,Tca09g01632.t1,77.42363514,ACH
613,TcChr05b01430.t1,83.60129104,ACH
618,Tca01g02955.t1,89.86595324,ACH
77,TcChr10b00242.t1,57.14986649,ACH
100,TcChr01b00048.t1,100,P450
100,TcChr01b00258.t1,100,P450
100,TcChr01b00289.t1,100,P450
100,TcChr01b00290.t1,100,P450
100,TcChr01b00293.t1,100,P450
100,TcChr01b00912.t1,100,P450
100,TcChr01b01045.t1,100,P450
100,TcChr01b01059.t1,100,P450
100,TcChr01b01785.t1,100,P450
100,TcChr01b01968.t1,100,P450
100,TcChr01b01980.t1,100,P450
100,TcChr02b02093.t1,100,P450
100,TcChr02b02484.t1,100,P450
100,TcChr02b02518.t1,100,P450
100,TcChr03b01001.t1,100,P450
100,TcChr03b01002.t1,100,P450
100,TcChr03b01006.t1,100,P450
100,TcChr03b01917.t1,100,P450
100,TcChr04b00044.t1,100,P450
100,TcChr04b00242.t1,100,P450
100,TcChr04b00245.t1,100,P450
100,TcChr04b00251.t1,100,P450
100,TcChr04b00518.t1,100,P450
100,TcChr04b00519.t1,100,P450
100,TcChr04b00755.t1,100,P450
100,TcChr04b01689.t1,100,P450
100,TcChr04b01766.t1,100,P450
100,TcChr04b01837.t1,100,P450
100,TcChr05b00137.t1,100,P450
100,TcChr05b00537.t1,100,P450
100,TcChr05b00538.t1,100,P450
100,TcChr05b00539.t1,100,P450
100,TcChr05b00542.t1,100,P450
100,TcChr05b00618.t1,100,P450
100,TcChr05b00710.t1,100,P450
100,TcChr05b01591.t1,100,P450
100,TcChr05b01707.t2,100,P450
100,TcChr05b01866.t1,100,P450
100,TcChr05b01870.t1,100,P450
100,TcChr05b01913.t1,100,P450
100,TcChr05b01960.t1,100,P450
100,TcChr05b02197.t1,100,P450
100,TcChr06b00211.t1,100,P450
100,TcChr06b00572.t1,100,P450
100,TcChr06b01537.t1,100,P450
100,TcChr06b01538.t1,100,P450
100,TcChr06b01581.t1,100,P450
100,TcChr06b02119.t1,100,P450
100,TcChr06b02212.t1,100,P450
100,TcChr06b02263.t1,100,P450
100,TcChr06b02706.t1,100,P450
100,TcChr07b00140.t1,100,P450
100,TcChr07b00327.t1,100,P450
100,TcChr07b00328.t1,100,P450
100,TcChr07b00331.t1,100,P450
100,TcChr07b00332.t1,100,P450
100,TcChr07b00333.t1,100,P450
100,TcChr07b00440.t1,100,P450
100,TcChr07b00800.t1,100,P450
100,TcChr07b00802.t1,100,P450
100,TcChr07b01774.t1,100,P450
100,TcChr07b01872.t1,100,P450
100,TcChr08b00532.t1,100,P450
100,TcChr08b00601.t1,100,P450
100,TcChr08b00611.t1,100,P450
100,TcChr08b00612.t1,100,P450
100,TcChr08b00613.t1,100,P450
100,TcChr08b00614.t1,100,P450
100,TcChr08b00615.t1,100,P450
100,TcChr08b00616.t1,100,P450
100,TcChr08b00627.t1,100,P450
100,TcChr08b00630.t1,100,P450
100,TcChr08b00658.t1,100,P450
100,TcChr08b01261.t1,100,P450
100,TcChr08b01437.t1,100,P450
100,TcChr08b01496.t1,100,P450
100,TcChr08b01686.t1,100,P450
100,TcChr08b02083.t1,100,P450
100,TcChr09b00059.t1,100,P450
100,TcChr09b00113.t1,100,P450
100,TcChr09b00113.t2,100,P450
100,TcChr09b00114.t1,100,P450
100,TcChr09b00123.t1,100,P450
100,TcChr09b00124.t1,100,P450
100,TcChr09b00126.t1,100,P450
100,TcChr09b00127.t1,100,P450
100,TcChr09b00128.t1,100,P450
100,TcChr09b00129.t1,100,P450
100,TcChr09b00130.t1,100,P450
100,TcChr09b00131.t1,100,P450
100,TcChr09b00132.t1,100,P450
100,TcChr09b00133.t1,100,P450
100,TcChr09b00135.t1,100,P450
100,TcChr09b00136.t1,100,P450
100,TcChr09b00137.t1,100,P450
100,TcChr09b00138.t1,100,P450
100,TcChr09b00139.t1,100,P450
100,TcChr09b00140.t1,100,P450
100,TcChr09b00140.t2,100,P450
100,TcChr09b00212.t1,100,P450
100,TcChr09b00230.t1,100,P450
100,TcChr09b00232.t1,100,P450
100,TcChr09b00270.t1,100,P450
100,TcChr09b00286.t1,100,P450
100,TcChr09b00287.t1,100,P450
100,TcChr09b00288.t1,100,P450
100,TcChr09b00289.t1,100,P450
100,TcChr09b01409.t1,100,P450
100,TcChr09b01432.t1,100,P450
100,TcChr09b01441.t1,100,P450
100,TcChr09b01445.t1,100,P450
100,TcChr09b01451.t2,100,P450
100,TcChr09b01453.t1,100,P450
100,TcChr09b01454.t1,100,P450
100,TcChr09b01457.t1,100,P450
100,TcChr09b01459.t1,100,P450
100,TcChr09b01464.t1,100,P450
100,TcChr09b01952.t1,100,P450
100,TcChr09b01953.t1,100,P450
100,TcChr09b01954.t1,100,P450
100,TcChr09b02142.t1,100,P450
100,TcChr10b01065.t1,100,P450
100,TcChr10b01188.t1,100,P450
100,TcChr10b01516.t1,100,P450
100,TcChr10b01545.t1,100,P450
100,TcChr10b01546.t1,100,P450
100,TcChr10b01547.t1,100,P450
100,TcChr10b02376.t1,100,P450
100,TcChr10b02378.t1,100,P450
100,TcChr10b02379.t1,100,P450
100,TcChr10b02396.t1,100,P450
100,TcChr10b02564.t1,100,P450
100,TcChr10b02573.t1,100,P450
100,TcChr10b02701.t1,100,P450
100,TcChr11b00142.t1,100,P450
100,TcChr11b00552.t1,100,P450
100,TcChr11b00591.t1,100,P450
100,TcChr11b00598.t1,100,P450
100,TcChr11b00829.t1,100,P450
100,TcChr11b01263.t1,100,P450
100,TcChr11b01663.t1,100,P450
100,TcChr11b01850.t1,100,P450
100,TcChr12b00175.t1,100,P450
100,TcChr12b00633.t1,100,P450
100,Tca01g00047.t1,100,P450
100,Tca01g00257.t1,100,P450
100,Tca01g00288.t1,100,P450
100,Tca01g00289.t1,100,P450
100,Tca01g00950.t1,100,P450
100,Tca01g01090.t1,100,P450
100,Tca01g01104.t1,100,P450
100,Tca01g01835.t1,100,P450
100,Tca02g00280.t1,100,P450
100,Tca02g00986.t1,100,P450
100,Tca02g01985.t1,100,P450
100,Tca02g01993.t1,100,P450
100,Tca02g02176.t1,100,P450
100,Tca03g01029.t1,100,P450
100,Tca03g01033.t1,100,P450
100,Tca03g01035.t1,100,P450
100,Tca03g01717.t1,100,P450
100,Tca03g01960.t1,100,P450
100,Tca03g01962.t1,100,P450
100,Tca04g00243.t1,100,P450
100,Tca04g00257.t1,100,P450
100,Tca04g00259.t1,100,P450
100,Tca04g00291.t1,100,P450
100,Tca04g00522.t1,100,P450
100,Tca04g00542.t1,100,P450
100,Tca04g00543.t1,100,P450
100,Tca04g01740.t1,100,P450
100,Tca04g01811.t1,100,P450
100,Tca05g00111.t1,100,P450
100,Tca05g00140.t1,100,P450
100,Tca05g00554.t1,100,P450
100,Tca05g00555.t1,100,P450
100,Tca05g00557.t1,100,P450
100,Tca05g00558.t1,100,P450
100,Tca05g00559.t1,100,P450
100,Tca05g00625.t1,100,P450
100,Tca05g01595.t1,100,P450
100,Tca05g01728.t2,100,P450
100,Tca05g01942.t1,100,P450
100,Tca05g01986.t1,100,P450
100,Tca06g00866.t1,100,P450
100,Tca06g01526.t1,100,P450
100,Tca06g01527.t1,100,P450
100,Tca06g01573.t1,100,P450
100,Tca06g01577.t1,100,P450
100,Tca06g01587.t1,100,P450
100,Tca06g01590.t1,100,P450
100,Tca06g02122.t1,100,P450
100,Tca06g02125.t1,100,P450
100,Tca06g02210.t1,100,P450
100,Tca06g02654.t1,100,P450
100,Tca07g00330.t1,100,P450
100,Tca07g00332.t1,100,P450
100,Tca07g00334.t1,100,P450
100,Tca07g00450.t1,100,P450
100,Tca07g00805.t1,100,P450
100,Tca07g00810.t1,100,P450
100,Tca07g01001.t1,100,P450
100,Tca07g01002.t1,100,P450
100,Tca07g01906.t1,100,P450
100,Tca07g01909.t1,100,P450
100,Tca07g01910.t1,100,P450
100,Tca08g00633.t1,100,P450
100,Tca08g00636.t1,100,P450
100,Tca08g00639.t1,100,P450
100,Tca08g00643.t1,100,P450
100,Tca08g00645.t1,100,P450
100,Tca08g00646.t1,100,P450
100,Tca08g00659.t1,100,P450
100,Tca08g00690.t1,100,P450
100,Tca08g01290.t1,100,P450
100,Tca08g01479.t1,100,P450
100,Tca08g01716.t1,100,P450
100,Tca09g00061.t1,100,P450
100,Tca09g00104.t1,100,P450
100,Tca09g00114.t1,100,P450
100,Tca09g00114.t2,100,P450
100,Tca09g00126.t1,100,P450
100,Tca09g00127.t1,100,P450
100,Tca09g00129.t1,100,P450
100,Tca09g00130.t1,100,P450
100,Tca09g00132.t1,100,P450
100,Tca09g00133.t1,100,P450
100,Tca09g00134.t1,100,P450
100,Tca09g00135.t1,100,P450
100,Tca09g00284.t1,100,P450
100,Tca09g00285.t1,100,P450
100,Tca09g00307.t1,100,P450
100,Tca09g00309.t1,100,P450
100,Tca09g00460.t1,100,P450
100,Tca09g01403.t1,100,P450
100,Tca09g01416.t1,100,P450
100,Tca09g01420.t1,100,P450
100,Tca09g01425.t1,100,P450
100,Tca09g01426.t1,100,P450
100,Tca09g01428.t1,100,P450
100,Tca09g01433.t1,100,P450
100,Tca09g01434.t1,100,P450
100,Tca09g01438.t1,100,P450
100,Tca09g01905.t1,100,P450
100,Tca09g01939.t1,100,P450
100,Tca09g01942.t1,100,P450
100,Tca09g01980.t1,100,P450
100,Tca09g02073.t1,100,P450
100,Tca09g02139.t1,100,P450
100,Tca09g02140.t1,100,P450
100,Tca10g01130.t1,100,P450
100,Tca10g01582.t1,100,P450
100,Tca10g01617.t1,100,P450
100,Tca10g01618.t1,100,P450
100,Tca10g01620.t1,100,P450
100,Tca10g02462.t1,100,P450
100,Tca10g02463.t1,100,P450
100,Tca10g02465.t1,100,P450
100,Tca10g02482.t1,100,P450
100,Tca10g02675.t1,100,P450
100,Tca11g00142.t1,100,P450
100,Tca11g00546.t1,100,P450
100,Tca11g00587.t1,100,P450
100,Tca11g00594.t1,100,P450
100,Tca11g00824.t1,100,P450
100,Tca11g00825.t1,100,P450
100,Tca11g01260.t1,100,P450
101,TcChr01b00292.t1,100,P450
101,TcChr02b01319.t1,100,P450
101,TcChr02b01902.t1,100,P450
101,TcChr02b01908.t1,100,P450
101,TcChr03b00997.t1,100,P450
101,TcChr04b00135.t1,100,P450
101,TcChr04b00147.t1,100,P450
101,TcChr04b00248.t1,100,P450
101,TcChr04b00250.t1,100,P450
101,TcChr04b00979.t1,100,P450
101,TcChr04b01764.t1,100,P450
101,TcChr04b01767.t1,100,P450
101,TcChr04b02277.t1,100,P450
101,TcChr05b00706.t1,100,P450
101,TcChr05b01868.t1,100,P450
101,TcChr05b01873.t1,100,P450
101,TcChr06b00147.t1,100,P450
101,TcChr06b00697.t1,100,P450
101,TcChr06b02100.t1,100,P450
101,TcChr07b00797.t1,100,P450
101,TcChr07b00801.t1,100,P450
101,TcChr07b01876.t1,100,P450
101,TcChr07b02019.t1,100,P450
101,TcChr08b00604.t1,100,P450
101,TcChr08b00793.t1,100,P450
101,TcChr09b00268.t1,100,P450
101,TcChr09b01448.t1,100,P450
101,TcChr09b01449.t1,100,P450
101,TcChr09b01460.t1,100,P450
101,TcChr09b01917.t1,100,P450
101,TcChr09b01950.t1,100,P450
101,TcChr10b02377.t1,100,P450
101,TcChr10b02592.t1,100,P450
101,TcChr11b00549.t1,100,P450
101,TcChr11b00550.t1,100,P450
101,TcChr11b00551.t1,100,P450
101,TcChr12b00176.t1,100,P450
101,TcChr12b00617.t1,100,P450
101,Tca01g02042.t1,100,P450
101,Tca02g01995.t1,100,P450
101,Tca02g02561.t1,100,P450
101,Tca04g00292.t1,100,P450
101,Tca04g00293.t1,100,P450
101,Tca04g01809.t1,100,P450
101,Tca04g01812.t1,100,P450
101,Tca04g01875.t1,100,P450
101,Tca05g00123.t1,100,P450
101,Tca05g00556.t1,100,P450
101,Tca05g00707.t1,100,P450
101,Tca05g01891.t1,100,P450
101,Tca05g02217.t1,100,P450
101,Tca06g00223.t1,100,P450
101,Tca06g01600.t1,100,P450
101,Tca06g02235.t1,100,P450
101,Tca07g00335.t1,100,P450
101,Tca07g00809.t1,100,P450
101,Tca07g02052.t1,100,P450
101,Tca08g00662.t1,100,P450
101,Tca08g02133.t1,100,P450
101,Tca09g00096.t1,100,P450
101,Tca09g00116.t1,100,P450
101,Tca09g00124.t1,100,P450
101,Tca09g00128.t1,100,P450
101,Tca09g00131.t1,100,P450
101,Tca09g00222.t1,100,P450
101,Tca09g00230.t1,100,P450
101,Tca09g00286.t1,100,P450
101,Tca09g01941.t1,100,P450
101,Tca10g00252.t1,100,P450
101,Tca10g02659.t1,100,P450
101,Tca10g02786.t1,100,P450
101,Tca10g02792.t1,100,P450
101,Tca11g01657.t1,100,P450
101,Tca12g00189.t1,100,P450
101,Tca12g00633.t1,100,P450
101,Tca12g00650.t1,100,P450
102,TcChr01b01879.t1,100,P450
102,TcChr02b00924.t1,100,P450
102,TcChr05b00543.t1,100,P450
102,TcChr05b01871.t1,100,P450
102,TcChr05b02382.t1,100,P450
102,TcChr06b02707.t1,100,P450
102,TcChr07b01875.t1,100,P450
102,TcChr08b01465.t1,100,P450
102,TcChr08b01685.t1,100,P450
102,TcChr09b00115.t1,100,P450
102,TcChr09b00134.t1,100,P450
102,TcChr09b01458.t1,100,P450
102,Tca01g02030.t1,100,P450
102,Tca01g02127.t1,100,P450
102,Tca04g00539.t1,100,P450
102,Tca05g00122.t1,100,P450
102,Tca07g00138.t1,100,P450
102,Tca08g00634.t1,100,P450
102,Tca08g00644.t1,100,P450
102,Tca08g01497.t1,100,P450
102,Tca09g00115.t1,100,P450
102,Tca09g00137.t1,100,P450
102,Tca09g00228.t1,100,P450
102,Tca09g00266.t1,100,P450
103,TcChr01b00291.t1,100,P450
103,TcChr01b01881.t1,100,P450
103,TcChr01b02937.t1,100,P450
103,TcChr02b01233.t1,100,P450
103,TcChr02b01893.t1,100,P450
103,TcChr03b01918.t1,100,P450
103,TcChr04b00391.t1,100,P450
103,TcChr05b00122.t1,100,P450
103,TcChr05b00136.t1,100,P450
103,TcChr05b00708.t1,100,P450
103,TcChr05b00712.t1,100,P450
103,TcChr05b00715.t1,100,P450
103,TcChr05b00847.t1,100,P450
103,TcChr05b00848.t1,100,P450
103,TcChr05b01865.t1,100,P450
103,TcChr05b01876.t1,100,P450
103,TcChr06b00897.t1,100,P450
103,TcChr07b00798.t1,100,P450
103,TcChr07b01600.t1,100,P450
103,TcChr07b01874.t1,100,P450
103,TcChr08b00602.t1,100,P450
103,TcChr08b00619.t1,100,P450
103,TcChr08b00759.t1,100,P450
103,TcChr08b00787.t1,100,P450
103,TcChr08b01472.t1,100,P450
103,TcChr08b01756.t1,100,P450
103,TcChr09b00096.t1,100,P450
103,TcChr09b00104.t1,100,P450
103,TcChr09b00105.t1,100,P450
103,TcChr09b00224.t1,100,P450
103,TcChr09b01446.t1,100,P450
103,TcChr09b01447.t1,100,P450
103,TcChr09b01451.t1,100,P450
103,TcChr09b01452.t1,100,P450
103,TcChr09b01455.t1,100,P450
103,TcChr09b01607.t1,100,P450
103,TcChr09b01992.t1,100,P450
103,TcChr09b02080.t1,100,P450
103,TcChr09b02143.t1,100,P450
103,TcChr10b00792.t1,100,P450
103,TcChr10b01227.t1,100,P450
103,TcChr10b02590.t1,100,P450
103,TcChr11b00143.t1,100,P450
103,TcChr11b00762.t1,100,P450
103,TcChr11b01851.t1,100,P450
103,TcChr12b00377.t1,100,P450
103,Tca01g00292.t1,100,P450
103,Tca01g01057.t1,100,P450
103,Tca01g02272.t1,100,P450
103,Tca01g02997.t1,100,P450
103,Tca03g01491.t1,100,P450
103,Tca04g00135.t1,100,P450
103,Tca04g00148.t1,100,P450
103,Tca04g00786.t1,100,P450
103,Tca04g01011.t1,100,P450
103,Tca05g00137.t1,100,P450
103,Tca05g00139.t1,100,P450
103,Tca05g00703.t1,100,P450
103,Tca05g00705.t1,100,P450
103,Tca05g00709.t1,100,P450
103,Tca05g00851.t1,100,P450
103,Tca06g00159.t1,100,P450
103,Tca06g00869.t1,100,P450
103,Tca06g01538.t1,100,P450
103,Tca06g01604.t1,100,P450
103,Tca06g02659.t1,100,P450
103,Tca07g00724.t1,100,P450
103,Tca07g00807.t1,100,P450
103,Tca07g00811.t1,100,P450
103,Tca07g01908.t1,100,P450
103,Tca08g00647.t1,100,P450
103,Tca08g00651.t1,100,P450
103,Tca08g00652.t1,100,P450
103,Tca09g00105.t1,100,P450
103,Tca09g00136.t1,100,P450
103,Tca09g00136.t2,100,P450
103,Tca09g00244.t1,100,P450
103,Tca09g01412.t1,100,P450
103,Tca09g01418.t1,100,P450
103,Tca09g01424.t1,100,P450
103,Tca09g01424.t2,100,P450
103,Tca09g01427.t1,100,P450
103,Tca09g02081.t1,100,P450
103,Tca10g01250.t1,100,P450
103,Tca10g02464.t1,100,P450
103,Tca11g00143.t1,100,P450
103,Tca11g00510.t1,100,P450
103,Tca11g00757.t1,100,P450
103,Tca11g01849.t1,100,P450
103,Tca11g01850.t1,100,P450
103,Tca11g01851.t1,100,P450
104,TcChr02b01897.t1,100,P450
104,TcChr04b00136.t1,100,P450
104,TcChr05b00138.t1,100,P450
104,TcChr06b02708.t1,100,P450
104,TcChr09b01993.t1,100,P450
104,TcChr10b01187.t1,100,P450
104,TcChr11b00830.t1,100,P450
104,Tca01g00290.t1,100,P450
104,Tca05g01895.t1,100,P450
104,Tca05g01961.t1,100,P450
104,Tca07g01635.t1,100,P450
104,Tca08g00641.t1,100,P450
104,Tca10g02677.t1,100,P450
104,Tca11g00545.t1,100,P450
105,TcChr02b00274.t1,100,P450
105,TcChr02b01906.t1,100,P450
105,TcChr03b01469.t1,100,P450
105,TcChr06b00698.t1,100,P450
105,TcChr06b00900.t1,100,P450
105,TcChr07b01831.t1,100,P450
105,TcChr08b00607.t1,100,P450
105,TcChr08b00609.t1,100,P450
105,TcChr08b01383.t1,100,P450
105,TcChr09b00227.t1,100,P450
105,TcChr09b00247.t1,100,P450
105,TcChr09b01450.t1,100,P450
105,TcChr10b01171.t1,100,P450
105,TcChr10b02571.t1,100,P450
105,TcChr10b02575.t1,100,P450
105,TcChr11b01849.t1,100,P450
105,Tca01g00552.t1,100,P450
105,Tca02g01975.t1,100,P450
105,Tca03g01028.t1,100,P450
105,Tca05g00107.t1,100,P450
105,Tca06g02142.t1,100,P450
105,Tca08g00560.t1,100,P450
105,Tca08g00828.t1,100,P450
105,Tca08g01419.t1,100,P450
105,Tca09g00225.t1,100,P450
105,Tca09g01421.t1,100,P450
105,Tca09g02010.t2,100,P450
105,Tca09g02078.t1,100,P450
105,Tca12g00375.t1,100,P450
106,TcChr01b02213.t1,100,P450
106,TcChr02b01887.t1,100,P450
106,Tca02g01982.t1,100,P450
106,Tca02g01990.t1,100,P450
106,Tca04g00152.t1,100,P450
106,Tca04g00153.t1,100,P450
106,Tca11g00547.t1,100,P450
106,Tca11g02003.t1,100,P450
106,Tca12g00188.t1,100,P450
107,TcChr04b00516.t1,100,P450
107,TcChr07b00799.t1,100,P450
107,TcChr09b00103.t1,100,P450
107,TcChr11b00516.t1,100,P450
107,Tca04g01683.t1,100,P450
107,Tca05g00850.t1,100,P450
107,Tca05g01936.t1,100,P450
107,Tca09g01943.t1,100,P450
108,TcChr03b00987.t1,100,P450
108,TcChr10b00243.t1,100,P450
108,Tca05g01894.t1,100,P450
108,Tca10g02210.t1,100,P450
109,TcChr04b00151.t1,100,P450
109,TcChr11b02004.t1,100,P450
109,Tca04g00785.t1,100,P450
109,Tca09g00245.t1,100,P450
109,Tca09g00308.t1,100,P450
110,TcChr05b00121.t1,100,P450
111,Tca01g00291.t1,100,P450
111,Tca04g00043.t1,100,P450
112,Tca07g00333.t1,100,P450
112,Tca08g00794.t1,100,P450
114,TcChr02b01894.t1,100,P450
114,TcChr05b00117.t2,100,P450
114,TcChr08b00620.t1,100,P450
114,TcChr10b00200.t1,100,P450
114,TcChr10b02569.t1,100,P450
114,Tca03g01025.t1,100,P450
114,Tca05g01939.t1,100,P450
114,Tca06g02658.t1,100,P450
114,Tca10g00092.t1,100,P450
114,Tca10g01266.t1,100,P450
115,TcChr09b00141.t1,100,P450
115,Tca08g00822.t1,100,P450
116,Tca02g02597.t1,100,P450
11,Tca05g00118.t1,100,P450
121,TcChr01b02938.t1,100,P450
121,TcChr02b00350.t1,100,P450
121,TcChr05b00171.t1,100,P450
121,TcChr05b01069.t1,100,P450
121,TcChr08b01317.t1,100,P450
121,TcChr09b00246.t1,100,P450
121,TcChr10b00092.t1,100,P450
121,TcChr10b02113.t1,100,P450
121,Tca01g01056.t1,100,P450
121,Tca01g01939.t1,100,P450
121,Tca05g00131.t1,100,P450
121,Tca05g01594.t1,100,P450
121,Tca06g00671.t1,100,P450
121,Tca06g01576.t1,100,P450
121,Tca07g02050.t1,100,P450
121,Tca07g02051.t1,100,P450
121,Tca08g01530.t1,100,P450
121,Tca09g00206.t1,100,P450
121,Tca09g02009.t1,100,P450
121,Tca09g02010.t1,100,P450
121,Tca09g02069.t1,100,P450
122,TcChr02b00774.t1,100,P450
122,TcChr04b00754.t1,100,P450
122,Tca06g02656.t1,100,P450
122,Tca07g02248.t1,100,P450
122,Tca08g00635.t1,100,P450
122,Tca08g01789.t1,100,P450
123,TcChr03b01762.t1,100,P450
123,TcChr09b01608.t1,100,P450
123,Tca03g01627.t1,100,P450
123,Tca04g00262.t1,100,P450
123,Tca09g01413.t1,100,P450
124,TcChr05b00110.t1,100,P450
125,Tca04g00518.t1,100,P450
125,Tca04g02334.t1,100,P450
125,Tca07g00808.t1,100,P450
126,TcChr05b01592.t1,100,P450
126,TcChr05b01936.t1,100,P450
126,Tca04g00519.t1,100,P450
129,TcChr01b01990.t1,100,P450
129,TcChr05b01864.t1,100,P450
129,TcChr05b01875.t1,100,P450
129,Tca10g00210.t1,100,P450
12,TcChr04b01633.t1,100,P450
12,TcChr08b00603.t1,100,P450
12,TcChr08b00610.t1,100,P450
12,Tca02g01302.t1,100,P450
12,Tca08g00638.t1,100,P450
12,Tca08g00648.t1,100,P450
130,Tca05g00174.t1,100,P450
131,Tca03g01015.t1,100,P450
132,TcChr01b00160.t2,100,P450
132,TcChr03b01004.t1,100,P450
132,TcChr06b02355.t1,100,P450
132,TcChr06b02695.t1,100,P450
132,TcChr06b02700.t1,100,P450
132,TcChr06b02701.t1,100,P450
132,TcChr06b02702.t1,100,P450
132,TcChr06b02703.t1,100,P450
132,TcChr06b02719.t1,100,P450
132,TcChr07b02018.t1,100,P450
132,TcChr08b01687.t1,100,P450
132,TcChr08b01688.t1,100,P450
132,TcChr10b02399.t1,100,P450
132,Tca01g00159.t1,100,P450
132,Tca01g00159.t2,100,P450
132,Tca01g01941.t1,100,P450
132,Tca04g00136.t1,100,P450
132,Tca04g00137.t1,100,P450
132,Tca04g00147.t1,100,P450
132,Tca05g00712.t1,100,P450
132,Tca05g00714.t1,100,P450
132,Tca06g01589.t1,100,P450
132,Tca06g01599.t1,100,P450
132,Tca06g02653.t1,100,P450
132,Tca07g01865.t1,100,P450
132,Tca10g02485.t1,100,P450
132,Tca11g01656.t1,100,P450
133,Tca04g00251.t1,100,P450
133,Tca09g01419.t1,100,P450
133,Tca09g02070.t1,100,P450
133,Tca09g02077.t1,100,P450
134,Tca05g00118.t2,100,P450
137,TcChr04b00146.t1,100,P450
137,TcChr06b02704.t1,100,P450
137,TcChr06b02705.t1,100,P450
137,TcChr06b02724.t1,100,P450
137,TcChr08b01265.t1,100,P450
137,TcChr09b00309.t1,100,P450
137,TcChr09b00310.t1,100,P450
137,TcChr09b01442.t1,100,P450
137,Tca06g02668.t1,100,P450
137,Tca06g02670.t1,100,P450
139,Tca10g02484.t1,100,P450
140,TcChr10b02398.t1,100,P450
143,TcChr07b00330.t1,100,P450
143,TcChr09b02020.t1,100,P450
147,Tca08g00642.t1,100,P450
163,Tca05g02405.t1,100,P450
166,Tca04g01087.t1,100,P450
194,TcChr05b00103.t1,100,P450
194,Tca10g02658.t1,100,P450
195,TcChr08b00763.t1,100,P450
195,Tca10g01307.t1,100,P450
1,TcChr03b01601.t1,100,P450
208,Tca06g01572.t1,100,P450
220,Tca07g00331.t1,100,P450
257,Tca02g01992.t1,100,P450
258,TcChr04b00281.t1,100,P450
258,TcChr05b01919.t1,100,P450
258,TcChr09b00245.t1,100,P450
258,Tca05g01943.t1,100,P450
258,Tca09g00243.t1,100,P450
264,Tca05g01899.t1,100,P450
264,Tca07g01820.t1,100,P450
266,Tca02g01981.t1,100,P450
267,TcChr04b00153.t1,100,P450
267,TcChr07b02210.t1,100,P450
267,Tca04g00154.t1,100,P450
267,Tca04g00261.t1,100,P450
270,TcChr03b00126.t1,100,P450
270,Tca04g00144.t1,100,P450
271,Tca02g01997.t1,100,P450
274,Tca10g02653.t1,100,P450
274,Tca11g00548.t1,100,P450
276,TcChr04b00254.t1,100,P450
283,TcChr02b01943.t1,100,P450
2,Tca09g02059.t1,100,P450
333,TcChr05b00130.t1,100,P450
333,TcChr07b01789.t1,100,P450
333,TcChr08b01754.t1,100,P450
336,Tca04g00408.t1,100,P450
336,Tca06g00868.t1,100,P450
342,TcChr03b01763.t1,100,P450
342,TcChr05b01916.t1,100,P450
342,Tca09g01576.t1,100,P450
342,Tca09g02080.t1,100,P450
345,Tca02g00830.t1,100,P450
355,Tca02g00362.t1,100,P450
35,TcChr02b01858.t1,100,P450
363,TcChr05b00117.t1,100,P450
374,TcChr07b02017.t1,100,P450
374,TcChr09b02084.t1,100,P450
374,Tca11g00774.t1,100,P450
375,TcChr08b01471.t1,100,P450
375,Tca05g01072.t1,100,P450
381,TcChr06b01584.t1,100,P450
382,TcChr07b00769.t1,100,P450
384,TcChr04b01501.t1,100,P450
385,TcChr03b01078.t1,100,P450
385,TcChr05b01590.t1,100,P450
385,TcChr05b01918.t1,100,P450
385,TcChr09b02021.t2,100,P450
385,Tca04g00538.t1,100,P450
385,Tca09g00103.t1,100,P450
385,Tca09g01590.t1,100,P450
392,TcChr08b01254.t1,100,P450
485,TcChr05b01707.t1,100,P450
498,TcChr01b00160.t1,100,P450
501,TcChr05b01877.t1,100,P450
501,Tca03g00124.t1,100,P450
501,Tca10g02466.t1,100,P450
502,TcChr04b00515.t1,100,P450
503,Tca02g01942.t1,100,P450
50,TcChr06b02721.t1,100,P450
517,Tca10g00824.t1,100,P450
518,TcChr10b02567.t1,100,P450
529,TcChr09b02085.t1,100,P450
532,TcChr04b00152.t1,100,P450
532,Tca04g00145.t1,100,P450
532,Tca05g02346.t1,100,P450
533,TcChr10b02380.t1,100,P450
534,Tca04g00149.t1,100,P450
534,Tca06g02673.t1,100,P450
536,TcChr06b02710.t1,100,P450
58,Tca06g02647.t1,100,P450
599,TcChr01b00047.t1,100,P450
599,TcChr05b00717.t1,100,P450
606,Tca07g01827.t1,100,P450
609,TcChr01b01880.t1,100,P450
609,TcChr02b00772.t1,100,P450
609,TcChr04b00145.t1,100,P450
609,TcChr04b00495.t1,100,P450
609,TcChr04b00498.t1,100,P450
609,TcChr04b00514.t1,100,P450
609,TcChr05b00123.t1,100,P450
609,TcChr05b00707.t1,100,P450
609,TcChr05b00714.t1,100,P450
609,TcChr08b00628.t1,100,P450
609,TcChr08b01262.t1,100,P450
609,TcChr08b01264.t1,100,P450
609,TcChr09b00226.t1,100,P450
609,TcChr09b02021.t1,100,P450
609,TcChr10b01189.t1,100,P450
609,Tca01g00046.t1,100,P450
609,Tca01g01940.t1,100,P450
609,Tca02g00832.t1,100,P450
609,Tca03g01712.t1,100,P450
609,Tca04g00146.t1,100,P450
609,Tca04g00521.t1,100,P450
609,Tca05g00124.t1,100,P450
609,Tca05g00704.t1,100,P450
609,Tca05g01073.t1,100,P450
609,Tca06g02655.t1,100,P450
609,Tca08g01293.t1,100,P450
609,Tca08g01502.t1,100,P450
609,Tca09g00223.t1,100,P450
609,Tca09g00224.t1,100,P450
609,Tca09g00311.t1,100,P450
609,Tca09g02058.t1,100,P450
609,Tca10g00197.t1,100,P450
609,Tca10g01269.t1,100,P450
610,TcChr04b00148.t1,100,P450
610,TcChr04b02136.t1,100,P450
610,TcChr09b02066.t1,100,P450
610,TcChr09b02083.t1,100,P450
610,Tca08g01284.t1,100,P450
611,TcChr05b01068.t1,100,P450
611,TcChr06b01176.t1,100,P450
611,TcChr09b02077.t1,100,P450
611,TcChr09b02078.t1,100,P450
611,TcChr10b00187.t1,100,P450
611,TcChr10b02568.t1,100,P450
611,Tca02g01940.t1,100,P450
611,Tca08g01348.t1,100,P450
611,Tca09g02075.t1,100,P450
612,TcChr01b00547.t1,100,P450
612,TcChr04b00137.t1,100,P450
614,Tca08g01291.t1,100,P450
61,Tca05g01898.t1,100,P450
621,TcChr04b01409.t1,100,P450
621,TcChr06b02438.t1,100,P450
621,TcChr09b01759.t1,100,P450
621,TcChr10b01190.t1,100,P450
621,TcChr10b02397.t1,100,P450
621,Tca03g01107.t1,100,P450
621,Tca03g01711.t1,100,P450
621,Tca05g00711.t1,100,P450
621,Tca08g00561.t1,100,P450
621,Tca09g01575.t1,100,P450
621,Tca10g02654.t1,100,P450
622,Tca01g02998.t1,100,P450
622,Tca02g02270.t1,100,P450
622,Tca08g01294.t1,100,P450
623,TcChr04b00496.t1,100,P450
623,TcChr09b02079.t1,100,P450
623,Tca09g02079.t1,100,P450
642,TcChr02b01384.t1,100,P450
642,TcChr09b00756.t1,100,P450
90,Tca09g01588.t1,100,P450
103,Tca10g00061.t1,100,UGT
103,TcChr12b00613.t1,91.46310199,UGT
103,Tca01g01877.t1,88.66497107,UGT
103,TcChr12b00551.t1,85.80694287,UGT
103,TcChr11b01335.t1,85.26329628,UGT
103,TcChr10b00064.t1,84.80542392,UGT
103,TcChr06b01028.t1,84.23361628,UGT
103,Tca12g00253.t1,82.92461891,UGT
103,TcChr10b00061.t1,82.69096309,UGT
103,TcChr10b00057.t1,82.60799034,UGT
103,Tca10g00064.t1,82.37693914,UGT
103,Tca02g02179.t1,78.29934135,UGT
103,Tca10g00056.t1,77.53775416,UGT
103,TcChr02b01778.t1,76.41490214,UGT
103,TcChr01b00670.t1,76.28450724,UGT
103,Tca06g01005.t1,75.53969869,UGT
103,TcChr02b02096.t1,75.40296757,UGT
103,TcChr01b01821.t1,74.71429239,UGT
103,TcChr12b00611.t1,74.05948753,UGT
103,Tca07g02241.t1,73.65431353,UGT
103,TcChr11b01346.t1,72.92736739,UGT
103,Tca10g02470.t1,72.63935166,UGT
103,Tca12g00627.t1,72.61075863,UGT
103,Tca12g00628.t1,72.49135459,UGT
103,TcChr05b02229.t1,72.32624711,UGT
103,TcChr07b02116.t1,72.18176127,UGT
103,Tca07g02149.t1,71.92731467,UGT
103,Tca12g00800.t1,71.90013908,UGT
103,Tca08g01500.t1,71.82649782,UGT
103,TcChr05b01941.t1,71.09647923,UGT
104,TcChr06b01818.t1,79.93373387,UGT
104,Tca08g01183.t1,78.38164977,UGT
104,TcChr10b00068.t1,78.22308245,UGT
104,TcChr10b00065.t1,76.77371382,UGT
104,TcChr12b00764.t1,76.53675589,UGT
104,TcChr07b02194.t1,76.10548599,UGT
104,TcChr09b00527.t1,75.8463299,UGT
104,TcChr07b02203.t1,75.65158926,UGT
104,Tca09g00508.t1,72.80046965,UGT
104,Tca08g01498.t1,71.3787395,UGT
104,Tca05g01966.t1,70.56401784,UGT
104,TcChr02b01394.t1,70.17251071,UGT
104,TcChr12b00240.t1,69.89479051,UGT
104,Tca10g00055.t1,68.64623556,UGT
104,TcChr05b00185.t1,68.46472805,UGT
104,TcChr10b00066.t1,67.94017288,UGT
104,Tca06g01009.t1,67.81325486,UGT
104,TcChr04b02287.t1,67.72402803,UGT
104,Tca09g00507.t1,66.73313818,UGT
104,TcChr12b00763.t1,66.55969133,UGT
105,Tca11g01331.t1,90.08495913,UGT
105,TcChr06b01975.t1,80.57358386,UGT
105,Tca05g00799.t1,77.30174294,UGT
105,TcChr06b01026.t1,77.28992085,UGT
105,Tca07g02208.t1,76.3087557,UGT
105,TcChr08b01525.t1,75.39968414,UGT
105,Tca12g00265.t1,75.27264225,UGT
105,TcChr12b00595.t1,74.60010419,UGT
105,TcChr03b00796.t1,73.8326845,UGT
105,Tca06g01011.t1,73.06354155,UGT
106,TcChr08b01485.t1,100,UGT
106,Tca08g01514.t1,88.60099192,UGT
106,Tca08g01517.t1,86.92854245,UGT
106,TcChr08b01482.t1,85.22318256,UGT
106,Tca10g00070.t1,80.94278027,UGT
106,Tca08g01553.t1,80.52756836,UGT
106,TcChr10b00056.t1,80.43774241,UGT
107,Tca01g00684.t1,100,UGT
107,Tca08g01534.t1,94.55834614,UGT
107,TcChr06b02363.t1,93.69846075,UGT
107,Tca08g01562.t1,93.10839858,UGT
107,TcChr02b01392.t1,88.96901466,UGT
107,Tca07g02336.t1,88.93135018,UGT
107,TcChr02b02402.t1,87.38187444,UGT
107,Tca12g00559.t1,86.8479259,UGT
107,TcChr12b00598.t1,85.29768109,UGT
107,TcChr08b01487.t1,84.90912426,UGT
107,Tca07g02232.t1,84.75318938,UGT
107,Tca12g00614.t1,82.60282992,UGT
107,Tca08g01501.t1,82.07582198,UGT
109,Tca03g00806.t1,98.1095562,UGT
109,TcChr03b00797.t1,95.99924651,UGT
109,Tca08g01519.t1,93.59111477,UGT
109,Tca08g01545.t1,90.98201706,UGT
109,TcChr08b00245.t1,86.88510499,UGT
109,Tca08g00273.t1,84.74272883,UGT
109,TcChr06b01817.t1,83.13371884,UGT
109,Tca10g00065.t1,81.96773738,UGT
109,Tca04g02344.t1,79.84419282,UGT
109,TcChr10b00055.t1,79.81917169,UGT
109,TcChr08b01513.t1,79.68747782,UGT
109,Tca03g00807.t1,79.59708098,UGT
109,Tca06g02327.t1,78.57587617,UGT
109,TcChr08b01519.t1,77.61924971,UGT
109,Tca06g01854.t1,77.1448612,UGT
109,Tca07g02243.t1,76.3587269,UGT
109,Tca06g01853.t1,74.35674084,UGT
110,TcChr08b00061.t1,85.004789,UGT
110,TcChr08b01466.t1,78.99630789,UGT
110,TcChr12b00615.t1,76.74248005,UGT
110,Tca06g02328.t1,76.18264369,UGT
110,Tca06g01010.t1,75.96691602,UGT
112,TcChr11b01832.t1,100,UGT
112,TcChr06b00086.t1,95.46490877,UGT
112,Tca05g01967.t1,95.43803188,UGT
112,Tca08g00253.t1,94.54079245,UGT
112,TcChr10b02331.t1,90.2794732,UGT
112,TcChr02b01380.t1,87.87737809,UGT
112,TcChr06b00085.t1,87.7618625,UGT
112,TcChr04b00706.t1,87.70990189,UGT
112,Tca08g00256.t1,85.65906428,UGT
112,Tca04g00736.t1,85.41483879,UGT
112,TcChr12b00756.t1,83.70192409,UGT
112,Tca02g01467.t1,82.91791203,UGT
112,TcChr06b01034.t1,82.43385824,UGT
112,TcChr08b00231.t1,81.6037695,UGT
112,Tca08g01499.t1,81.41515651,UGT
112,Tca10g02418.t1,81.38262783,UGT
112,TcChr12b00597.t1,81.24223539,UGT
112,TcChr12b00234.t1,81.10524623,UGT
112,Tca10g02469.t1,80.65326997,UGT
113,Tca03g00808.t1,88.64788667,UGT
113,TcChr08b01470.t1,87.18309205,UGT
113,TcChr08b01467.t1,82.99781,UGT
113,Tca08g01560.t1,80.34675523,UGT
113,TcChr08b01489.t1,80.31089928,UGT
113,TcChr12b00253.t1,79.61799796,UGT
113,Tca08g01516.t1,79.19524793,UGT
113,TcChr06b01023.t1,77.30350978,UGT
113,TcChr05b00795.t1,75.60772242,UGT
113,Tca06g00097.t1,75.54665285,UGT
113,TcChr02b01395.t1,75.35383613,UGT
113,TcChr08b00238.t1,75.13732596,UGT
114,TcChr10b02402.t1,94.30215196,UGT
114,Tca12g00254.t1,84.58612514,UGT
114,TcChr06b02359.t1,82.19592745,UGT
114,TcChr06b02364.t1,81.70944032,UGT
115,TcChr08b01526.t1,80.1474192,UGT
115,TcChr06b02353.t1,78.88033561,UGT
116,TcChr06b02352.t1,80.15297377,UGT
116,Tca06g02254.t1,74.5109296,UGT
116,TcChr02b02099.t1,73.66516174,UGT
117,Tca12g00799.t1,94.86244841,UGT
117,TcChr08b00247.t1,94.30930285,UGT
117,Tca11g01834.t1,94.12684491,UGT
117,Tca08g00268.t1,92.766086,UGT
117,Tca08g01561.t1,90.41460926,UGT
118,Tca10g02488.t1,93.09441161,UGT
118,Tca04g02345.t1,89.34122636,UGT
118,TcChr06b02365.t1,88.91275645,UGT
118,TcChr06b02291.t1,86.42010647,UGT
118,Tca06g02330.t1,85.33771556,UGT
118,TcChr05b01940.t1,85.01986592,UGT
11,TcChr02b02098.t1,100,UGT
11,TcChr10b00067.t1,89.10189481,UGT
11,TcChr08b01516.t1,85.81504068,UGT
11,Tca02g02182.t1,85.73728996,UGT
11,TcChr06b02361.t1,85.17914068,UGT
11,TcChr02b02095.t1,84.15798826,UGT
11,Tca06g02324.t1,83.91215177,UGT
11,Tca06g02326.t1,83.31105465,UGT
120,TcChr10b00070.t1,79.52724684,UGT
120,Tca02g02178.t1,79.07257375,UGT
120,TcChr08b01512.t1,78.74485738,UGT
120,Tca08g01525.t1,77.8645053,UGT
120,TcChr06b01022.t1,76.68687596,UGT
121,Tca02g01466.t1,89.09890934,UGT
121,Tca11g01342.t1,73.37272367,UGT
121,Tca06g00532.t1,72.36079481,UGT
121,TcChr02b01389.t1,71.32247525,UGT
123,Tca02g01464.t1,86.94914182,UGT
123,TcChr10b02384.t1,85.71961861,UGT
123,Tca10g02467.t1,85.52163744,UGT
124,Tca06g01006.t1,87.85460125,UGT
124,Tca04g02343.t1,82.40968857,UGT
124,TcChr04b02297.t1,82.27033908,UGT
124,Tca01g01876.t1,81.4119993,UGT
124,TcChr01b01820.t1,61.70968319,UGT
124,TcChr08b00244.t1,61.60957399,UGT
124,Tca02g01463.t1,61.4894103,UGT
124,TcChr01b01822.t1,61.09498693,UGT
125,Tca12g00611.t1,87.24057209,UGT
125,Tca10g00054.t1,84.46994756,UGT
126,Tca11g00470.t1,77.69422714,UGT
126,Tca08g00264.t1,73.05429784,UGT
126,Tca08g01544.t1,69.87178987,UGT
126,Tca04g02339.t1,69.75714668,UGT
126,TcChr04b02280.t1,68.53568436,UGT
126,Tca07g02231.t1,68.01984817,UGT
126,Tca06g02318.t1,66.54050162,UGT
126,TcChr10b02381.t1,66.46775732,UGT
126,TcChr07b02193.t1,66.17879088,UGT
127,TcChr06b02362.t1,84.12021923,UGT
127,Tca05g00188.t1,83.74656632,UGT
127,Tca06g00096.t1,81.61514362,UGT
127,TcChr05b02493.t1,81.18346188,UGT
127,Tca12g00560.t1,77.9033561,UGT
128,Tca01g02105.t1,80.59431093,UGT
128,Tca08g00272.t1,79.70372701,UGT
128,Tca06g00095.t1,75.91388129,UGT
128,TcChr08b00255.t1,75.07236689,UGT
12,Tca02g01838.t1,92.20680929,UGT
130,Tca12g00631.t1,79.08325473,UGT
131,TcChr03b00798.t1,80.11254849,UGT
131,TcChr05b01942.t1,79.79833811,UGT
131,TcChr04b02282.t1,79.74852081,UGT
132,TcChr08b01510.t1,100,UGT
132,Tca05g01968.t1,90.90141817,UGT
132,Tca06g02329.t1,89.22164651,UGT
132,TcChr08b01509.t1,88.84844369,UGT
133,Tca02g02181.t1,93.51425947,UGT
134,TcChr04b02288.t1,75.61005518,UGT
134,Tca08g01543.t1,75.28079261,UGT
135,TcChr10b02383.t1,89.99768251,UGT
135,TcChr12b00600.t1,83.6753307,UGT
136,TcChr12b00241.t1,92.7376402,UGT
136,Tca08g01015.t1,88.83017799,UGT
137,Tca08g01547.t1,88.52771055,UGT
138,TcChr06b01027.t1,90.5366124,UGT
138,Tca08g00266.t1,79.7062571,UGT
138,Tca08g00270.t1,79.34941692,UGT
138,Tca08g01546.t1,79.16368784,UGT
138,TcChr08b01511.t1,75.93699025,UGT
139,TcChr12b00601.t1,83.56998049,UGT
140,Tca12g00252.t1,87.41571029,UGT
140,TcChr08b00253.t1,86.64928085,UGT
141,Tca12g00612.t1,91.81900497,UGT
141,Tca12g00613.t1,89.12425214,UGT
142,TcChr08b00979.t1,85.89585925,UGT
142,TcChr08b00252.t1,83.99194065,UGT
144,Tca12g00247.t1,97.15129889,UGT
145,Tca06g02255.t1,83.66691435,UGT
147,TcChr06b02292.t1,81.26248953,UGT
148,Tca08g00267.t1,88.36331563,UGT
14,TcChr10b00069.t1,88.15747811,UGT
14,TcChr07b02296.t1,86.65890155,UGT
150,Tca08g01550.t1,80.85969431,UGT
151,TcChr06b00135.t1,79.33074361,UGT
152,TcChr04b02333.t1,77.17336005,UGT
157,TcChr08b00246.t2,94.88566621,UGT
157,Tca08g00259.t1,88.48447257,UGT
157,Tca08g01524.t1,86.35982202,UGT
157,Tca06g01860.t1,83.93620753,UGT
157,TcChr08b00237.t1,80.53449726,UGT
15,TcChr07b02170.t1,92.5921664,UGT
160,TcChr06b01024.t1,87.86880548,UGT
161,TcChr06b01821.t1,90.87628925,UGT
162,TcChr08b01500.t1,96.22428159,UGT
163,TcChr12b00602.t1,79.21895952,UGT
167,Tca10g02461.t1,78.76730956,UGT
176,TcChr12b00599.t1,76.59100349,UGT
176,Tca08g01520.t1,74.31504107,UGT
182,TcChr12b00239.t1,85.32227785,UGT
183,TcChr07b02171.t1,78.65883096,UGT
183,TcChr05b01969.t1,75.63594441,UGT
187,TcChr08b00254.t1,75.85862093,UGT
190,TcChr11b00010.t1,82.03641122,UGT
191,Tca12g00616.t1,71.81426542,UGT
192,TcChr12b00614.t1,82.01465215,UGT
192,Tca05g02249.t1,78.67079692,UGT
193,Tca12g00863.t1,87.47670348,UGT
193,TcChr12b00822.t1,84.81786062,UGT
193,TcChr10b02382.t1,79.4031881,UGT
201,TcChr06b01819.t1,81.22607136,UGT
226,TcChr09b00529.t1,76.7191027,UGT
227,TcChr08b00236.t1,89.76318571,UGT
233,Tca09g00628.t1,31.87260161,UGT
247,Tca08g00260.t1,86.46603575,UGT
249,Tca10g00069.t1,70.86092949,UGT
259,Tca08g00265.t1,72.01979602,UGT
265,TcChr08b01484.t1,83.45146371,UGT
265,Tca08g00267.t2,80.12252821,UGT
274,TcChr08b00249.t1,87.81390922,UGT
274,TcChr08b00259.t1,82.43374954,UGT
275,Tca07g02240.t1,83.45525993,UGT
276,TcChr08b00257.t1,85.25996286,UGT
277,Tca05g02516.t1,92.48430042,UGT
279,Tca06g02252.t1,72.56143702,UGT
281,TcChr08b00246.t1,72.3763194,UGT
283,TcChr07b02202.t1,81.15373259,UGT
293,Tca10g00063.t1,66.31180331,UGT
293,TcChr08b00260.t1,65.51085721,UGT
323,TcChr05b01972.t1,77.60859841,UGT
326,TcChr05b00794.t1,82.13321017,UGT
331,Tca05g01998.t1,81.61128062,UGT
332,TcChr07b02201.t1,88.60846852,UGT
372,TcChr07b02195.t1,68.39656966,UGT
380,Tca05g00794.t1,84.3410328,UGT
380,TcChr01b01819.t1,74.94737894,UGT
381,Tca05g01995.t1,91.52118588,UGT
38,Tca11g00019.t1,83.03910318,UGT
401,TcChr11b00011.t1,87.66304512,UGT
401,TcChr08b01490.t1,81.79224287,UGT
401,TcChr03b02229.t1,80.03089054,UGT
401,Tca04g02389.t1,78.65032493,UGT
406,TcChr08b00232.t1,65.96047669,UGT
429,TcChr01b01818.t1,75.62073771,UGT
443,Tca11g00020.t1,84.32601269,UGT
458,Tca11g01249.t1,85.57804292,UGT
45,TcChr06b02289.t1,76.68113505,UGT
477,Tca08g00068.t1,83.09211768,UGT
508,TcChr02b01391.t1,74.95101994,UGT
526,TcChr07b02197.t1,83.09579329,UGT
527,TcChr05b00796.t1,87.67933782,UGT
536,Tca12g00620.t1,80.10709935,UGT
551,TcChr11b00012.t1,81.4510117,UGT
561,Tca11g00010.t1,86.21359342,UGT
589,TcChr11b00008.t1,78.08224203,UGT
599,TcChr10b02375.t1,91.53724024,UGT
605,TcChr08b00251.t1,82.03897532,UGT
605,Tca08g00269.t1,79.84376726,UGT
610,TcChr11b00019.t1,87.93362837,UGT
610,Tca12g00619.t1,85.37070673,UGT
612,Tca06g00534.t1,88.9598822,UGT
613,TcChr04b02247.t1,76.20264801,UGT
621,Tca04g02337.t1,83.55545365,UGT
622,Tca11g00009.t1,100,UGT
622,TcChr06b01820.t1,92.85728774,UGT
622,Tca11g00018.t1,87.86430276,UGT
622,TcChr07b02192.t1,87.41219882,UGT
83,Tca12g00860.t1,75.06346653,UGT
88,Tca04g02306.t1,81.96448972,UGT
